Num;Fragment;Origin;ToxProb;NoToxProb
0;CC(;CC(O)=S;0.16684039;0.8331596
1;[nH]c12;n1cccc2cc[nH]c12;0.06094947;0.93905056
2;S;O=S(=O)(N)C(C)(C)C;0.009821361;0.9901786
3;CC;O=CC(O)C(O)C(O)C(O)CO;0.08056531;0.9194347
5;C;C=CCCCCCCC=C;0.9979381;0.0020618641
6;CNN(C;O=CNN(C=O)CC(CBr)Br;0.002352069;0.99764794
7;ccc;O=C(O)c1ccc(OC(=O)CCCCCCCCC)cc1;0.9694978;0.03050218
9;1;n1ccc(cc1)N2CCCCC2;0.89602745;0.103972554
10;#NAME?;O=S(=O)(c1ccccc1)SCCl;0.03344286;0.9665571
11;Cl;O=S(=O)(c1ccccc1)SCCl;0.03344286;0.9665571
12;C(;O=C(O)C1CCC(N)CC1;0.34000924;0.6599908
13;C1;O=C(O)C1CCC(N)CC1;0.34000924;0.6599908
14;#REF!;OCC1(C#C[Si](C)(C)C)(OC(O)C=C1);0.14714354;0.85285646
17;N=3;N=3c2ccc1ccccc1c2C(C=3C)(C)Cc4ccccc4;0.98166716;0.018332858
22;l;O(C)C(C(C)C)Cl;0.03789754;0.9621025
23;C(C;C(=C(C)C)C;0.031862915;0.96813715
24;C(OC;O=C(OC)C(NCc1occc1)CC;0.73988;0.26011997
29;c1c;Oc1ccc(cc1(N))C(C)(C)CC(C)(C)C;0.99367565;0.0063243024
30;NC(OC;O=C(NC(OC)C)C;0.0031769536;0.9968231
31;c1Cl;Fc1c(ccc(OCC)c1Cl)Br;0.5870317;0.41296825
33;NN;O=C(NN)CCc1ccc(O)cc1;0.8079779;0.19202201
34;=C;O=C(NN)CCc1ccc(O)cc1;0.8079779;0.19202201
42;C3;OC3c2cccc(OCc1ccccc1)c2CCC3;0.81795955;0.1820404
43;C2(C1;O=S(O)C2CC1C=CC2(C1);0.111684464;0.88831556
45;N;O=C(c1ccccc1)N2CCC(=C)CC2;0.13839166;0.8616084
52;(;c1cc(ccc1CC(C)C)Br;0.59131473;0.40868536
56;=;O=C(OC)C=CC(=O)OCc1ccccc1;0.37688088;0.6231191
59;=C(N;O=C(N)C(N)Cc1ccccc1;0.14633082;0.85366917
66;(C;O(C)[Si](OC)(C1CCCCC1)C2CCCCC2;0.18488203;0.81511796
72;CC(C;NCC(C)(C)CN;0.2550987;0.74490136
88;=C(;C=C([n+]2c1ccc(cc1sc2C)C)C;0.9437718;0.05622817
89;C=C(;C=C([n+]2c1ccc(cc1sc2C)C)C;0.9437718;0.05622817
95;1CC1;N#CC1CC1;0.9626786;0.037321396
96;cc(c1;O(c1cccc(c1)Br)C;0.5182815;0.48171848
97;=C1C;O=C1C(=O)C(OCC)=C1(OCC);0.35602155;0.6439785
98;=C1NC(;O=C1NC(=O)C2CCCCC12;0.25909862;0.74090135
102;c1ccc;N#Cc1ccc(OC)c(O)c1;0.9982223;0.0017777527
106;-;[O-][n+]1cc(c(OC)c(c1C)C)C;0.99284583;0.0071541877
110;2(c1;O=Cc1ccc2cc(O)ccc2(c1);0.6652992;0.33470082
120;CC2;Oc1cccc(c1)CN2CCCCC2;0.6777386;0.32226142
130;2;O=C(OCC2CCC(COC(=O)C1CC=CCC1)CC2)C3CC=CCC3;0.33997834;0.66002166
136;1cc;ON=CCc1ccc(OC)cc1;0.9939015;0.0060984986
137;ON;ON=CCc1ccc(OC)cc1;0.9939015;0.0060984986
142;CCC=C;OCCC=C;0.9963536;0.0036463297
143;OCCC=C;OCCC=C;0.9963536;0.0036463297
146;=C(F;O=C(F)C(F)(F)CI;0.026096582;0.9739034
148;I;O=C(F)C(F)(F)CI;0.026096582;0.9739034
160;#CC(C(;N#CC(C(=O)OC)(C)C;0.25283575;0.74716425
162;C(C(C;O=C(C(C)(C)Br)Br;0.019094953;0.98090506
164;1c;Nc1ccc(cc1Cl)I;0.87343204;0.12656796
165;CC(O;OCNCC(O)C;0.13823731;0.86176264
170;N+;O=S(=O)(O)CCCC[N+](C)(CCO)CCO;0.0005070574;0.9994929
173;=S(=;O=S(=O)(C=C)C=C;0.00743527;0.9925647
176;C(N(C;O=C(N(C=C)C)C;0.0047506075;0.9952494
178;cc1;O(c1cc(ccc1(N))Nc2ccccc2)C;0.52676195;0.47323802
185;NOCC;N#CC(=NOCC)C(=O)N;0.6167072;0.3832928
195;c2;Oc2ccc(Oc1ccccc1)cc2;0.9313204;0.06867959
198;c12;O=C1c3ccccc3(OCc2ccccc12);0.90232074;0.097679295
200;N1C(;N1C(=S)SCC1(C)C;0.013126995;0.986873
217;(CC;Fc1ccc(cc1)C2CCC(CC2)C3CCC(CCC)CC3;0.49026304;0.50973696
226;(N;C(N(C)C)(=S)S;0.00034963468;0.99965036
253;NCC2;c1cc(c(c(c1)Cl)Cl)N2CCNCC2;0.8615308;0.1384692
265;ccc1;n1c2cc(ccc2(ccc1C))Cl;0.99500316;0.0049967906
277;O;O=C(c2ccccc2(c1ccccc1))Cl;0.7664;0.23360004
284;=C(OC;O=C(OC)C=Cc1ccc(O)cc1;0.21852349;0.7814765
297;#CC(;N#CC(=O)OCCCC;0.18878609;0.8112139
298;N#CC(;N#CC(=O)OCCCC;0.18878609;0.8112139
312;O=C;O=C(O)c2ccccc2(c1ccccc1);0.9339428;0.06605714
317;OC;O=C(OCCOCCCC)c1ccccc1;0.9638256;0.03617434
320;C(OCC;O=C(OCC=C)COC1CCCCC1;0.77617234;0.22382775
326;NCC;O(c1ccc2c(c1)CCNCC2)C;0.6328045;0.36719546
327;=C2N;O=C2N(c1ccccc1)CCOC2;0.8785106;0.121489406
332;C(O)C;O=C(O)C(N)C(O)c1ccccc1;0.027863134;0.97213686
344;Cc1c;O=Cc1c(OC)ccs1;0.6630413;0.33695874
353;N=C;N=C(N)C1CC1;0.069546275;0.9304537
355;1NC;O=C(O)C1NC(=O)SC1;0.5758064;0.42419362
357;(C2;O=C1OC3C(O)C2CC1C3(C2);0.38327196;0.61672807
359;(=NC);C(=NC)=S;0.001207975;0.9987921
360;C(=NC);C(=NC)=S;0.001207975;0.9987921
371;=C1O;O=C1OC(=O)C(C1)CCC[Si](OC)(OC)OC;0.8267211;0.17327891
376;1);O=C(c1ccccc1)CN;0.6347166;0.3652834
396;FC(F;FC(F)(F)Oc1ccc(O)cc1;0.7625583;0.23744167
399;c1cc;O=C(Nc1ccc(O)cc1)CCl;0.9694046;0.030595405
404;(C1;N1CC2CCCCC2(C1);0.09407654;0.9059234
409;3;Fc3cc(C=CC1CCC(CC1)C2CCC(CCC)CC2)cc(F)c3(F);0.1323187;0.86768126
418;Oc1;Oc1noc(c1)C(C)(C)C;0.9959799;0.0040201372
420;CNC(O;O=CNC(O)C;0.057192307;0.94280773
426;N1;O=C(O)CCCN1C(=O)CCC1;0.045558173;0.9544418
432;cn;n1ccn(c1)CC;0.6148592;0.38514078
438;CCCOCCCO;OCCCOCCCO;0.99730706;0.0026929022
439;OCCCOCCCO;OCCCOCCCO;0.99730706;0.0026929022
440;(=N;O=C(c1ccc(C(=NOC)C)s1)C;0.013251429;0.9867486
443;(cc1;O=C(OCCC)c1ccc(cc1)Br;0.530939;0.46906105
444;(F;O=C(OCC)CCC(F)(F)F;0.044168625;0.95583135
450;CCN;O=C(NCCN=C)CCCCCCCCCCC;0.92085505;0.079144925
455;OCCN;OCCN=Cc1ccccc1;0.9801588;0.019841123
474;C1C=CC;O=C1C=CC(=O)N1c2ccccc2;0.9834886;0.016511356
480;=CN1N(C;O=CN1N(C=O)CC(C1)S;0.06088253;0.9391175
481;12;n1c(oc2cc3ccccc3(cc12))C;0.98984516;0.010154895
482;CCCCCCCCS;CCCCCCCCS;0.9998791;0.000120914425
483;N1CCC;O=C(N1CCCC1)CC(=O)C;0.962074;0.037926007
506;N=;N=C(N)c1ccc(cc1)C2CCC(CCC)CC2;0.95713854;0.042861477
511;C(F)(;FC(F)(F)[Si](C)(C)C;0.004718217;0.99528176
512;FC(F)(;FC(F)(F)[Si](C)(C)C;0.004718217;0.99528176
525;N3=;N3=C(c1ccccc1)c2ccccc2CC3;0.8114324;0.18856758
529;#CS(=;N#CS(=O)(=O)c1ccccc1;0.015785636;0.9842144
530;N#CS(=;N#CS(=O)(=O)c1ccccc1;0.015785636;0.9842144
531;cc1(;O=C(OCCCCCC)c1ccccc1(O);0.878537;0.121462986
537;F;Fc1c(F)c(ccc1(OCC))CCC2CCC(CC2)C3CCC(CCCC)CC3;0.9892169;0.010783123
540;c(nn;O=C(OC)c1c(c(nn1C)C)C;0.033101175;0.9668988
563;P(OCC;O=P(OCC)(OCC)Cc1ccccc1;0.078023985;0.92197603
567;c1C(;n1c(csc1C(C)C)CNC;0.58667016;0.4133298
580;(C(;N#CCCNC(C(=O)O)C(C)C;0.36967555;0.6303244
587;C(N;O=C(N)C(O)C;0.0028407138;0.99715924
591;CCBr;FCCBr;0.41355273;0.58644724
592;FCCBr;FCCBr;0.41355273;0.58644724
601;1C2;O=C2OCc1ccccc1C2;0.8831236;0.11687645
603;1N;n1cc(nc(c1N)Br)C;0.0039726677;0.99602735
604;B;n1cc(nc(c1N)Br)C;0.0039726677;0.99602735
608;+;O=C(NCCC[N+](C)(C)C)C(=C)C;0.40214315;0.5978568
613;c1(B(;Fc1cccc(OCC)c1(B(O)O);0.0528745;0.9471255
616;=C(O;O=C(O)C(O)c1cnccc1;0.13079491;0.8692051
618;O=C(O;O=C(O)C(O)c1cnccc1;0.13079491;0.8692051
632;cc23;O(c1ccc(cc1)n3c4ccccc4(c2ccccc23))C;0.6544456;0.34555438
640;1Cl;O=C=Nc1ccccc1Cl;0.8562902;0.14370972
664;C(F)(F;FC(F)(F)CN;0.120862514;0.8791374
665;FC(F)(F;FC(F)(F)CN;0.120862514;0.8791374
672;3c([;n1cc3c([nH]1)c2ccoc2CC3;0.20198523;0.79801476
673;H;n1cc3c([nH]1)c2ccoc2CC3;0.20198523;0.79801476
678;c1cn;OCc1cnc[nH]1;0.8792222;0.12077778
679;[n;OCc1cnc[nH]1;0.8792222;0.12077778
699;c1);O=C(OCCSc1ccccc1)C=C;0.22134471;0.77865523
705;=CNC=C;O=CNC=C;0.82344186;0.1765582
707;NCCCl);C(=NCCCl)=S;0.012231391;0.9877686
714;1CCC;O(CCN1CCCCC1)CCSCCOCCN2CCCCC2;0.815918;0.18408202
719;O=CCCOC;O=CCCOC;0.99261826;0.007381762
721;C(F;FC(F)(CBr)Br;0.0005733881;0.9994266
738;C(OC(C;O=C(OC(C)(C)C)NN;0.24405989;0.7559401
740;#CC;N#CCCNCC(=O)OCC;0.8154979;0.18450212
744;C1(F;O=C(OCC)C1CC1(F);0.062259838;0.93774015
759;[;N#[N+]c1ccc(OC)cc1;0.9519276;0.048072428
764;1OCC;O=C(OC1OCCC1)C(=C)C;0.9001703;0.09982971
774;OCC;O=C(OCC)C=C1CCN(C)CC1;0.6192104;0.38078958
781;C2C;C2C(CSSCC1CS1)S2;0.10754254;0.8924575
784;N)Cl)N;n1c(nc(cc1N)Cl)N;0.5286905;0.4713095
801;=C1OCC;O=C1OCC(=O)OC1;0.8263565;0.17364351
803;=S(;O=S(=O)(O)C(O)CCl;0.0006903174;0.99930966
819;4;Fc4cccc(OCC1CCC(CC1)C2CCC(CC2)C3OCCO3)c4(F);0.60452664;0.39547336
831;c1(NN;O(C)Cc1ccccc1(NN);0.21456015;0.7854398
845;N)C;n1[nH]c(cc1N)C;0.9215388;0.07846125
866;(Cl;O=S(=O)(N)c1ccc(Cl)s1;0.027779855;0.9722201
877;c2(;Oc1ccc2cc(ccc2(c1))CO;0.0046565463;0.9953434
881;(OCC;O=P(OCC)(OCC)Cc1ccc(N)cc1;0.07167336;0.9283266
889;(cc1)N;c1ccc(cc1)N(C)CCCc2ccccc2;0.0002719868;0.999728
896;N(C;N(C)(C)C(C)C;0.0002813237;0.9997186
902;c[nH]1;n1ccc[nH]1;0.029126279;0.9708737
904;);O=Cc1cc(cc(C=O)c1(O))C;0.14253365;0.85746634
945;cccc;O=C(N(c1cccc(c1)C)CC)CC;0.9988518;0.001148209
948;O1CC;O1CC(C1)(COC2CCCCC2)CC;0.7753915;0.22460847
955;1O;O=C1OC(CC1)CCCCCC=C;0.7528527;0.2471473
966;CCCCl;O=C(NCCCCl)C;0.13463543;0.86536455
968;O=S(=;O=S(=O)(OCCCSC)c1ccc(cc1)C;0.012958579;0.98704135
973;C1OC1;O=C(OCC1OC1)CCC;0.64703995;0.35296008
980;NC(C;Oc1ccc(cc1)CCNC(C)C(O)c2ccc(O)cc2;0.0052034482;0.9947966
996;1C=;O=C1C=CNN1C;0.83084196;0.1691581
997;NN1;O=C1C=CNN1C;0.83084196;0.1691581
1000;NC;O=C(NC)COc1ccc(F)cc1Cl;0.67712206;0.3228779
1006;Cc2c;O=Cc2c(OC)ccc1ccccc12;0.8865215;0.11347848
1007;=C1OC;O=C1OC(=O)CCC1;0.22794464;0.7720553
1015;1OCCN1C;O=C1OCCN1C;0.968739;0.03126109
1026;1(;N#CC1(CCCCC1)CC(CC)CC;0.92374206;0.076257974
1037;C(O;O=C(O)C(CCCCCCCCCCCC)S;0.10164937;0.89835066
1052;C=C1;O=C(O)C2CC1OC2(C=C1);0.030163197;0.9698368
1060;NC(=S;O=C(NNC(=S)S)CCCCCCC;0.3308477;0.66915226
1063;=1C;C=1C=CCCC=1;0.1181102;0.88188976
1065;C=1C;C=1C=CCCC=1;0.1181102;0.88188976
1070;CCNC(;O=C(NCCNC(=O)CSCCO)CSCCO;0.1224072;0.87759286
1081;(C)C;O(C)C;0.7628824;0.23711756
1082;O(C)C;O(C)C;0.7628824;0.23711756
1084;C=NO;O=C(O)C=NO;0.19330403;0.806696
1098;=C(NC;O=C(NC=C)C;0.08674993;0.91325
1107;CCI;CCCI;0.9999248;7,53E+02
1108;CCCI;CCCI;0.9999248;7,53E+02
1121;c(c(;O=C(O)C(c1ccc(c(OC(=O)C)c1)Sc2ccccc2)C;0.7572715;0.24272849
1125;c1cnc(;OCc1cnc([nH]1)CCCC;0.8659625;0.1340375
1143;S(=;O=S(=O)(O)CCSSCCS(=O)(=O)O;0.00020572121;0.9997943
1161;C=CC;O=Cc1ccc(C=CC(=O)O)cc1;0.09236139;0.90763855
1166;(cc2;O=C(OCc1ccccc1)c2ccc(cc2)C(=O)OCc3ccccc3;0.223188;0.776812
1168;cn1;O=C(O)Cc2cnc1ccccn12;0.30664793;0.6933521
1171;c1(N;O(C)Cc1ccccc1(N);0.6831515;0.3168486
1178;1)NC2;O=C(OCc1ccccc1)NC2C(=O)OCC2;0.11809566;0.88190436
1192;(c[nH];n1cc(c[nH]1)C;0.0017970984;0.9982029
1203;C4;O1CC3(COC1C2CC=CCC2)(COC(OC3)C4CC=CCC4);0.1525476;0.84745234
1205;CC(O)CNC;OCC(O)CNC;0.9118961;0.08810388
1206;OCC(O)CNC;OCC(O)CNC;0.9118961;0.08810388
1207;(CSCCS)S;C(CSCCS)S;0.975927;0.024073021
1208;C(CSCCS)S;C(CSCCS)S;0.975927;0.024073021
1213;n1cn;n1cn[nH]c1;0.5900043;0.40999565
1214;N#C;N#CCCOCCc2ccc1c(ccs1)c2;0.26070833;0.73929167
1217;NCCC;O=C(NCCCO)COCc1ccccc1;0.35614404;0.643856
1219;CCSSCCO;OCCSSCCO;0.9968299;0.0031701054
1220;OCCSSCCO;OCCSSCCO;0.9968299;0.0031701054
1244;C(NCCO;O=C(NCCO)C(=O)NCCO;0.20210916;0.79789084
1245;NCCO;O=C=NCCOC(=O)C(=C)C;0.7794887;0.22051127
1260;2CN;O2CN(Cc1ccccc1)CC2;0.98797774;0.012022196
1264;CCCl;O=C(NCCCl)C(=O)NCCCl;0.013771841;0.9862281
1268;C=CCCCCCl;C=CCCCCCl;0.937369;0.06263099
1276;OC(C;O=C(OC(C)C)NCc1cnccc1;0.35817587;0.6418241
1278;C(NC(;O=C(NC(NC(=O)C)C)C;0.003444303;0.9965557
1280;C1OC;OC1OCC(O)C(O)C1;0.7763513;0.22364879
1286;CCl;n1cc(ccc1Cl)CCl;0.13541324;0.8645868
1297;N#CC;N#CCCN(c1ccccc1)CCCC;0.9709306;0.029069459
1309;2;O=C(OC1CC2CC1C3CCCC23)C(=C)C;0.8289923;0.17100763
1319;C=;O=C(OC=C)C=CC;0.6779795;0.32202044
1336;NCCC(;O=C(O)CNCCC(=O)O;0.7320088;0.2679912
1345;1CC(;O=S1CC(N(C)C)CS1;0.46207094;0.537929
1353;c2Cl;n2c1ccccc1sc2Cl;0.5217543;0.47824568
1381;N1C(=;N1C(=S)SCC1C;0.029664414;0.97033554
1385;NC1C;NC1CNCC1;0.48392624;0.51607376
1395;CCC(N;OCCC(N)C;0.6483819;0.35161814
1397;OCCC(N;OCCC(N)C;0.6483819;0.35161814
1430;=C1N(C;O=C1N(C=C)CCCCC1;0.20640112;0.79359883
1431;=CC1(;O=CC1(CC1)C(OCC)OCC;0.78085303;0.21914698
1441;cc2n;c1ccc(cc1)Cc3c2cc(ccc2n(c3C)CC)C;0.32682198;0.673178
1453;O1;O1C=CCCC1OC;0.24863514;0.7513648
1463;CC(C)I;CCC(C)I;0.96330816;0.03669178
1464;CCC(C)I;CCC(C)I;0.96330816;0.03669178
1493;=CC1C(;O=CC1C(C(=O)OC)C1(C)(C);0.9374985;0.062501565
1502;C2(C;O=C(OCC2CC1C=CC2(C1))C;0.11440213;0.8855979
1513;O=S;O=S(O)c2cccc1ccccc12;0.7260798;0.27392012
1526;O(C1;O(C1=CCC(=CC1)C(C)C)C;0.98642945;0.013570534
1527;1CC1Br;C1CC1Br;0.1865864;0.81341356
1528;C1CC1Br;C1CC1Br;0.1865864;0.81341356
1533;c1n;Oc1n[nH]c(N)c1;0.95462286;0.0453771
1535;Oc1n;Oc1n[nH]c(N)c1;0.95462286;0.0453771
1554;c1nn;O=C(OCCC)c1nn(c(O)c1)c2ccccc2;0.6825972;0.31740278
1568;O=;O=C(CCc1ccccc1)CCC;0.580611;0.41938904
1589;C(CC;O=C(NCC(CC)CCCC)c1ccc(N)cc1;0.47085148;0.5291486
1598;Fc1c;Fc1cnc(nc1(N))Cl;0.98163337;0.018366577
1621;1C)C;c1cc(c(cc1C)C)SCSc2ccc(cc2C)C;0.056036197;0.9439638
1639;C2CN;OC2CN(Cc1ccccc1)CCC2;0.9458702;0.05412983
1675;CCS1;O=C1NCCS1;0.9311677;0.06883229
1693;CC(=C)C;OCC(=C)C;0.765298;0.234702
1694;OCC(=C)C;OCC(=C)C;0.765298;0.234702
1708;2c;Fc2c(F)c(OCC1CCC(CCC)CC1)ccc2(OC);0.5708346;0.42916545
1711;=C(NN);O=C(NN)CCC=CCCCCC;0.057936378;0.94206357
1714;2(C;O=C(OC(C)(C)C)C2(C)(CC1C=CC2(C1));0.020279571;0.9797204
1725;Fc1;Fc1c(F)c(ccc1(OCC))C2CCC(CC2)C3CCC(CCC)CC3;0.9864092;0.013590868
1727;(CS)CS;C(CS)CS;0.89800596;0.10199398
1728;C(CS)CS;C(CS)CS;0.89800596;0.10199398
1742;OCCCCCCC;OCCCCCCC;0.99986625;0.00013372595
1754;C(OCC(=;O=C(OCC(=O)O)N;0.24736309;0.7526369
1758;s1;OCc1cncs1;0.7668759;0.23312408
1763;=C1OC(;O=C1OC(=O)C(CC=C)C1;0.75154734;0.2484527
1769;[S+;O=[S+](C)(C)C;0.023220435;0.9767795
1780;1CC1CI;C1CC1CI;0.99253803;0.007462
1781;C1CC1CI;C1CC1CI;0.99253803;0.007462
1783;cc12;n1ccn2ccccc12;0.6671422;0.3328578
1793;1OCCC1;O=C1OCCC1Br;0.4009892;0.5990109
1795;N=C=;O=C(O)c1cccc(N=C=S)c1;0.21355723;0.7864428
1801;N(OC;N(OC)=C(c1cccs1)C;0.0016427313;0.99835724
1808;c1cnn;Sc1cnn[nH]1;0.07736379;0.92263615
1809;Sc1cnn;Sc1cnn[nH]1;0.07736379;0.92263615
1813;CCC(;O=CCC(C(=O)OC)C;0.6633614;0.33663866
1826;=C2C;O=C2CN(Cc1ccccc1)CC2;0.8237512;0.17624873
1849;1c([;OCCc1c([n+](cs1)Cc2ccccc2)C;0.7147584;0.28524166
1872;1OCCO1;O=S1OCCO1;0.9442579;0.055742066
1887;CS;CS;0.99456453;0.0054355003
1917;C(NNC)C;O=C(NNC)C;0.09622291;0.9037771
1918;C1OCC;O=C1OCCC(O)(C)C1;0.867389;0.13261095
1931;#CC(O)C;C#CC(O)C;0.828728;0.17127201
1932;C#CC(O)C;C#CC(O)C;0.828728;0.17127201
1946;SS(=;O=S(=O)(O)SCCCCCCSS(=O)(=O)O;0.00056295266;0.99943703
1948;CN1C(;O=C(O)CN1C(=O)CSC1=S;0.74140084;0.25859916
1980;=CNN(C=O;O=CNN(C=O)CC=C;0.10245552;0.8975445
1987;P(;O=P(O)(O)OC1OC(CO)C(O)C1;0.15860742;0.8413926
1993;3(;O=C(OC3(C)(C1CC2CC(C1)CC3(C2)))CCl;0.0016226642;0.9983773
1996;c(N)c;n1c(ccc(N)c1Br)Br;0.0021583335;0.9978416
1999;N1=C;N1=C(C)CCC1;0.0072602895;0.99273974
2000;C)c1(F;Fc1cccc(OCCC)c1(F);0.5804719;0.41952813
2005;2(;Fc2ccc1c(OC(CC1)CCCCC)c2(F);0.22551024;0.77448976
2008;OCCC;OCCC(O)CO;0.8085113;0.19148867
2009;c(c1;O=C(OC)c1cccc(c1(O))CC=C;0.29977268;0.7002273
2026;cn2;O=C(c1ccc(cc1)C)c2cccn2CC=C;0.09647274;0.90352726
2028;cccc1;Oc2cccc1c2(OC(C)(C)C1);0.9756807;0.024319304
2077;cc1Cl;O=CCc1cc(ccc1Cl)C(=O)CC;0.30229512;0.69770485
2092;CCCN1;N1=CCCCN1;0.6629365;0.33706346
2096;C=1;C=1(C(=C(C)CC=1C)C)C;0.032849617;0.9671504
2125;NC1CC;O=C(NC1CCC(=O)CC1)C;0.73890084;0.26109916
2127;-];[O-][n+]1ccc(OCCCOC)c(c1C)C;0.98165244;0.018347574
2145;C(C)CI;CC(C)CI;0.9739741;0.0260259
2146;CC(C)CI;CC(C)CI;0.9739741;0.0260259
2155;=C(C;O=C(C=C)NCCO;0.40469044;0.5953096
2191;OCc1;OCc1[nH]c(nc1Cl)CCCC;0.99520516;0.0047949194
2195;CNCC(;O=CNCC(=O)OCC;0.13023551;0.8697645
2207;1C;O1CC(C1)(CCl)CCl;0.16940817;0.83059186
2214;N=C(N;N=C(N)CCCC;0.0019362237;0.99806374
2226;CC(N;NCC(N)(C)C;0.003019409;0.9969806
2250;CCC(C)CO;OCCC(C)CO;0.9116203;0.0883797
2251;OCCC(C)CO;OCCC(C)CO;0.9116203;0.0883797
2257;C#CCC;OC#CCC;0.9998511;0.00014884927
2258;OC#CCC;OC#CCC;0.9998511;0.00014884927
2280;c1)N;O=C(OCc1ccccc1)NC(Cc2ccccc2)CCO;0.24906713;0.7509329
2302;ccccc1;O=C(Nc1ccccc1(O))c2occc2;0.98882395;0.01117606
2304;S(;O=S(=O)(OC(CN)CCl)C;0.0009964283;0.9990036
2307;Fc1cc;Fc1cc(ccc1CBr)Br;0.9962924;0.003707577
2314;=C1OC=CO1;O=C1OC=CO1;0.8290313;0.17096865
2335;=C(C)CC;C=C(C)CC;0.598877;0.401123
2336;C=C(C)CC;C=C(C)CC;0.598877;0.401123
2385;1c[;c1c[n+](cn1CCCC)C;0.9625986;0.037401374
2386;c1c[;c1c[n+](cn1CCCC)C;0.9625986;0.037401374
2400;CCCCCC;CCCCCCC;0.99991214;8,79E+01
2401;CCCCCCC;CCCCCCC;0.99991214;8,79E+01
2403;#CCCCCBr;N#CCCCCBr;0.6270806;0.37291935
2404;N#CCCCCBr;N#CCCCCBr;0.6270806;0.37291935
2422;(=;C(=C1CC3CC1C4C2C=CC(C2)C34)C;0.467551;0.532449
2426;5;O2c5ccc1ccccc1c5(C=CC2(c3ccccc3)c4ccccc4);0.9506766;0.049323343
2449;1)NN;O=C(OCc1ccccc1)NN;0.7848016;0.2151984
2480;N(CC;n1ccn(c1CN(CC)CC)Cc2ccccc2;0.009458086;0.9905419
2484;=C(N1C;O=C(N1C(=S)SCC1(C)C)CC;0.120532304;0.87946767
2494;C(NNC(=S;O=C(NNC(=S)S)C;0.006209217;0.9937908
2512;=CC(;O=CC(C=O)Br;0.5141801;0.4858199
2514;=C1C2C;O=C1C2C=CCC1CCC2;0.60114497;0.398855
2519;=C1CC;O=C1CC(=O)C2CCC1C2;0.7580912;0.24190877
2578;)(C1;OC2(C)(C(C)(C)C1CCC2(C)(C1));0.010096995;0.989903
2588;O=C1;O=C1CCCC1Cc2ccc(cc2)Cl;0.9448774;0.055122644
2609;1=CC;C1=CCCC=CCCC=CCC1;0.9162759;0.08372401
2611;(N);N(N)=Cc1ccc(cc1)c2ncccc2;0.17644686;0.82355314
2612;N(N);N(N)=Cc1ccc(cc1)c2ncccc2;0.17644686;0.82355314
2617;12;n1onc2ccccc12;0.9175927;0.08240731
2623;1CN;n1ccccc1CN;0.53511167;0.46488836
2647;O=C(;O=C(O)C(O)C(c1ccc(OC)cc1)Sc2ccccc2Br;0.08129921;0.91870075
2688;cc1)N;O=Cc1ccc(cc1)N(CCc2ccccc2)CCCC;0.32269922;0.6773009
2689;2([n;n1c2cc(ccc2([nH]c1CCCCCCCC))Cl;0.031835113;0.9681649
2706;C(Cl;O=C(Cl)SCC=C;0.044115305;0.9558847
2709;N=CC(;ON=CC(=NO)Cl;0.21336703;0.78663296
2718;#CCC;N#CCC(=O)NC;0.9471474;0.05285257
2719;C2=S;c1ccc(cc1)N2c3ccccc3(NC2=S);0.9194153;0.08058475
2720;(CC(C;O=C(N(CC(C)C)CC(C)C)CCl;0.0023510433;0.997649
2787;SC;O=C(OC)CSC(F)F;0.520089;0.47991097
2794;C3(C;O=C(OC1(CC)(CCCCC1))C3CC2C=CC3(C2);0.33808896;0.6619111
2810;C)c1;Oc1cccc(OC)c1(O);0.060338307;0.9396617
2828;N=1OC(C;N=1OC(C)(C)CC=1S;0.020423083;0.97957695
2912;CCO;O=C(NCCO)C(C)(C)Br;0.06373639;0.93626356
2924;O=C(OC;O=C(OC=C)c1ccccc1;0.27368593;0.72631407
2933;(c1(;Fc1ccc2ccc(OCC)c(F)c2(c1(F));0.00028545642;0.99971455
2965;c(N)c1;O=C(c1cccc(N)c1(O))C;0.097799554;0.9022004
2971;C1O;O=C1OC2CCC1CC2;0.73504597;0.264954
2983;Fc;Fc3c(O)ccc(OCC1CCC(CC1)C2OCCO2)c3(F);0.6741606;0.32583943
2990;N#CCC;N#CCC(O)CC(=O)N;0.6004849;0.39951506
3004;(C(C;N#CCN(C(C)C)C(C)C;0.012986666;0.9870134
3012;cccc(;O=C(c1cccc(c1)Br)C;0.97654766;0.023452312
3025;c1Cl)NN;n1cc(OC)c(nc1Cl)NN;0.7765805;0.22341946
3053;CSC;CSC;0.9984856;0.0015143559
3063;nn(;O=C(OCC)c1cnn(c1(O))CC=C(C)C;0.0064748013;0.99352515
3076;SS;O=C(O)CCSS(=O)(=O)c1ccc(cc1)C;0.20168541;0.7983146
3090;cc2([n;n1c2ccccc2([nH]c1CCCCCCCC);0.028391957;0.971608
3120;CC(C)CO;OCC(C)CO;0.87118334;0.12881662
3121;OCC(C)CO;OCC(C)CO;0.87118334;0.12881662
3124;C1NC(C;O=C1NC(C)(C)CS1;0.39077163;0.6092284
3150;n1c;n1cn2[n+](c1)CC(C2)S;0.23906091;0.7609391
3160;2cc;O=C(c1ncn2cc(Br)sc12)c3cnccc3;0.9078183;0.09218167
3175;N(=C(N;N(=C(N)N)c1ccccc1;0.008436819;0.9915632
3188;N)C=C;n1c(nc(nc1N)C=C)N;0.21666574;0.78333426
3215;NC2;c1ccc2c(c1)CNC2;0.0043022935;0.99569774
3220;=C(B;ON=C(Br)Br;0.0005670403;0.999433
3221;1(N;OC1CCCCC1(N);0.0885804;0.91141963
3263;CCNCC(;N#CCNCC(=O)O;0.66128534;0.33871472
3306;)C1;O=S1(=O)(CCC(O)C1);0.08109315;0.91890687
3316;12)N;C(#Cc1cccc2ccc(OC)cc12)N;0.101847686;0.89815235
3317;4(;O=P3(Oc1ccccc1c2ccccc23)(c4cc(O)ccc4(O));0.7466223;0.25337768
3321;1CC2;OCc3ccc2c1c3(cccc1CC2);0.2432727;0.7567273
3322;(C)(;N(C)(C)CCSSCCN(C)C;0.0014217658;0.9985782
3323;N(C)(;N(C)(C)CCSSCCN(C)C;0.0014217658;0.9985782
3325;Oc12;O=Cc2ccc(OC)c1OCOc12;0.99945503;0.00054492743
3342;C1OC(;O=C1OC(C)C(O1)C;0.43585405;0.564146
3379;3(C2;O=C(OC3(C)(C1CC2CC(C1)CC3(C2)))C(=C)C;0.00031839331;0.9996816
3472;(c(N;Fc1ccc(c(N)c1)Br;0.33213878;0.6678612
3480;nc1;O=C(O)c1ncc(nc1)C;0.9925937;0.0074063083
3533;c2([;n1c2ccccc2([nH]c1CCCCC);0.32398796;0.67601204
3551;H+;CCCCCCCCCCOC1CC[SH+](O)(O)C1;0.91662306;0.0833769
3605;CC3;c1cc3c2c(c1)CCCN2CCC3;0.77751213;0.2224878
3627;O=C(C;O=C(C=C)c1ccc(O)cc1;0.40377048;0.5962296
3686;C(C)I;CC(C)I;0.9305578;0.06944222
3688;N#CS;N#CSCCCCC=C;0.94944364;0.05055631
3700;CCn1;OCCn1nnnc1S;0.99907553;0.00092441635
3701;OCCn1;OCCn1nnnc1S;0.99907553;0.00092441635
3712;c(N)c1C;n1c(ccc(N)c1C)N(CC)CC;0.007638667;0.9923613
3729;C=C;C=C(C)CN(c1ccccc1)c2ccccc2;0.9470687;0.052931312
3730;NNC(;O=C(OC)CC(=NNC(=O)C)C;0.0036241745;0.99637586
3742;(CCC1;O=C1N(CCC1)CC(C)C;0.18760844;0.81239164
3751;(C(C)C;NC(C(C)C)=S;0.013614252;0.98638576
3752;OCCCCOC=C;OCCCCOC=C;0.9974517;0.0025482324
3775;#C;N#C;0.87975883;0.12024117
3797;]1;O(C)[Si](OC)(OC)CCCN1CCC[Si]1(OC)(OC);0.19943896;0.8005611
3800;CC(=C)CC;OCC(=C)CC;0.8612444;0.13875562
3801;OCC(=C)CC;OCC(=C)CC;0.8612444;0.13875562
3805;c(c1(;O=C(c1cccc(c1(O))CC=C)CC;0.05630003;0.9437
3836;C(=;O=C(F)C(=O)F;0.023888726;0.97611135
3887;N=CC1;ON=CC1CCCCC1;0.7028916;0.29710838
3950;1cccc(;Fc1cccc(c1)Br;0.9624685;0.037531443
4002;C[;N#C[Si](C)(C)C;0.85765564;0.14234433
4004;c(n1;O=S(=O)(c1nc(OC)cc(n1)OC)C;0.045719758;0.95428026
4028;CCC2);OC3C1(C)(CCC(C1(C)(C))C23(CCCC2));0.073252864;0.9267471
4043;n1nc(n;n1nc(n[nH]1)c2ccccc2Br;0.035127483;0.9648725
4047;C(OCC1(;N1=C(OCC1(C)C)C;0.07331102;0.92668897
4056;N+](;O=[N+]([O-])c1ccc(cc1)SCCl;0.09950685;0.90049314
4077;N[;N[n+]1ccccc1C;0.17877208;0.8212279
4138;C(OC(;O=C(OC(C)(C)C)CCCBr;0.02705534;0.9729446
4142;N1=C(;N1=C(SCCCCCCCCCCCC)SCC1C;0.12382431;0.8761757
4181;C(F);O=C(OCC)C=CC(F)(F)F;0.008807234;0.99119276
4249;(C)CCBr;O(C)CCBr;0.26926216;0.73073775
4250;O(C)CCBr;O(C)CCBr;0.26926216;0.73073775
4261;C(N(N)C);NC(N(N)C)=S;6,57E+01;0.9999343
4262;NC(N(N)C);NC(N(N)C)=S;6,57E+01;0.9999343
4340;ccn(c1;O=C(c1ccn(c1)C)C;0.9342147;0.06578533
4371;NC3;O(c1ccccc1Cc2cccs2)CC3OCCNC3;0.75575686;0.24424309
4381;2([;n1c2ccccc2([nH]c1CCCCCCCCCCCCCCCCC);0.056471102;0.9435289
4392;#CNC(=;N#CNC(=N)NCCCCCCCC;0.2089024;0.79109764
4393;N#CNC(=;N#CNC(=N)NCCCCCCCC;0.2089024;0.79109764
4417;CNCC2;n1cccnc1N2CCNCC2;0.12302642;0.87697357
4436;n1[;n1[nH]c(N)cc1c2ccccc2Cl;0.9512427;0.04875725
4440;C(C(F;O=C(C(F)(F)Br)Cl;0.0045306417;0.99546933
4466;O=CC;O=CC(=C)C1CCCCC1;0.6841813;0.3158187
4502;O=CCCCCO;O=CCCCCO;0.99641234;0.003587676
4546;N)Cl;n1nc(ccc1N)Cl;0.72203386;0.2779661
4572;1OC;O=C1OCCOC(=O)CCCCCCCCCC1;0.9727323;0.027267678
4589;1CCC(;C1CCC(C1)Br;0.31073332;0.6892666
4598;CCCCI;CCCCCI;0.99993;6,99E+02
4599;CCCCCI;CCCCCI;0.99993;6,99E+02
4697;OCCSCCO;OCCSCCO;0.9981293;0.0018706501
4714;CP(CC)CC;CCP(CC)CC;0.99278307;0.007216949
4715;CCP(CC)CC;CCP(CC)CC;0.99278307;0.007216949
4720;CCN(C;OCCN(C)CC(O)c1ccccc1;0.05159739;0.94840264
4737;2(c1(;Fc1ccc2ccc(O)cc2(c1(F));0.00031899245;0.999681
4787;P(Cl;O=P(Cl)(Cl)SC(C)CC;0.0030026238;0.99699736
4808;O1C;O1C(C=CC12(C=C(C)CCC2(C(C)C)))C;0.9144045;0.08559545
4831;2(c1(F;Fc1ccc2ccc(OCCC)c(F)c2(c1(F));0.0040525035;0.99594754
4909;CN1C);C1(N(C)CCN1C)=S;0.13503808;0.86496186
4921;c(n[;n1cc(n[nH]1)S;0.0008566064;0.99914336
4922;N)CN;n1cc(c(nc1C)N)CN;0.35878924;0.6412108
4924;=S(=N;O=S(=N)(O)C(F)(F)F;0.0008353815;0.9991646
4933;O(C;O(C)C(OC)(c1ccccc1)c2ccccc2;0.05257207;0.94742787
4968;1cccc;Nc1cccc(c1)Br;0.9847378;0.015262174
4971;OC(F)(F;FOC(F)(F)F;0.059037942;0.9409621
4978;1C(C;ON1C(C)(C)CC(OC=C)CC1(C)C;0.09730249;0.9026975
4999;c2([n;n1c2ccccc2([nH]c1CCCCCCCCC);0.035741653;0.9642584
5003;CC(C(;N#CC(C(=O)OC)=C(C)C;0.18146685;0.8185332
5011;c(N);OC(C#Cc1cccc(N)c1)(C)C;0.003225811;0.99677414
5012;1cc;Nc1ccc(cc1S)Cl;0.9896449;0.010355086
5022;34;OCCOc1ccc(cc1)C4(c2ccc(OCCO)cc2)(c5ccccc5(c3ccccc34));0.9745817;0.025418317
5041;CC(=C;N#CC(=C)C(=O)OC1CCCCC1;0.21361412;0.7863859
5044;C(Nc2c;O=C(Nc2c(O)ccc1ccccc12)C;0.6533087;0.34669128
5050;(CCO;ON(CCOC)CCOC;0.61516875;0.38483122
5065;CCCO;OCCCO;0.99746144;0.0025385416
5066;OCCCO;OCCCO;0.99746144;0.0025385416
5069;CC(F;O=C(OC)OCC(F)(F)F;0.08391435;0.9160856
5072;1C2;NC2Cc1ccccc1C2;0.8036206;0.19637942
5093;i];C=C[Si](C)(C)CCCNc1ccccc1;0.23686713;0.7631328
5094;1c2c;O1c2cscc2(OC(C1)CC);0.99697566;0.003024345
5095;O1c2c;O1c2cscc2(OC(C1)CC);0.99697566;0.003024345
5121;CCC(C;NCCC(C)(C)CC(C)CN;0.077209994;0.92279005
5139;N)n;n1c(cc(N)n1C)C(C)(C)C;9,83E+01;0.99990165
5161;CCC=;C(=NCCCC=C)=S;0.32129672;0.67870325
5193;ccnc1;N#Cc1nccnc1;0.9915047;0.008495222
5221;(=C;C(=C)=CC;0.009270964;0.99072903
5248;iH;C[SiH](C)C;0.94768703;0.052312993
5249;cc1(N);Fc1cc(O)ccc1(N);0.4090872;0.59091276
5254;=C=NS(;O=C=NS(=O)(=O)Cl;0.007303386;0.9926966
5260;1cc(O;O=C2c1cc(OC)c(OC)cc1CC2;0.76030904;0.23969102
5265;NCCC=C;C(=NCCC=C)=S;0.061644685;0.93835527
5301;CC(=C)CO;OCC(=C)CO;0.72126096;0.2787391
5302;OCC(=C)CO;OCC(=C)CO;0.72126096;0.2787391
5311;=1OC(C;N=1OC(C)(C)CC=1Br;0.006303556;0.9936965
5343;P(O;O=P(O)(O)C=C;0.023071567;0.9769284
5374;OCCOC(C)C;OCCOC(C)C;0.8856694;0.11433063
5399;N+](=;O=C(C)CCC[N+](=O)[O-];0.013094976;0.98690504
5406;NC(;O=C(O)C(NC(=O)C)CCC;0.028312448;0.97168756
5453;C1C2;OCC2OC1N=C(OC1C2(O))N;0.0060189585;0.99398106
5465;CN(C;n1ccccc1C(OCCN(C)C)(c2ccccc2)C;0.011727788;0.98827225
5485;(B;O(B(CC)CC)C;0.13866407;0.8613359
5489;NCCN;n1cc(ccc1Cl)CNCCN;0.61615753;0.3838425
5492;C#C;C#C;0.9993611;0.00063894934
5496;C[n;c1ccc(cc1)C[n+]3c2ccccc2sc3C;0.012811894;0.9871881
5607;c1(;O=C(OCC)CC(=O)c1cc(F)c(F)cc1(F);0.0090943575;0.99090564
5624;CF;FCF;0.7045418;0.29545817
5625;FCF;FCF;0.7045418;0.29545817
5657;(CN(C)C;NC(CN(C)C)=S;0.0047700857;0.99522996
5742;1NC1;O=C(O)C1NC1;0.67715555;0.32284442
5744;#CC(C;N#CC(C(=O)OC)CC(=O)OC;0.18458003;0.81542003
5745;N#CC(C;N#CC(C(=O)OC)CC(=O)OC;0.18458003;0.81542003
5809;NCC1;NCC1CSC(CN)CS1;0.8414764;0.15852366
5833;CCNC;OCCNC(=S)SCc1ccccc1;0.70478255;0.29521748
5842;CCSC;NCCSC;0.9920236;0.007976437
5843;NCCSC;NCCSC;0.9920236;0.007976437
5881;=C(NN)NN;O=C(NN)NN;0.0330421;0.96695787
5934;=C(N);O=C(N)C=CCO;0.013642172;0.9863578
5952;CC2CC;O=CC2CCN(Cc1ccccc1)CC2;0.95396876;0.04603122
5967;n1n;n1nc([nH]c1)NC3CCC2(OCCO2)CC3;0.07561042;0.9243896
5970;1OC(;O=C1OC(C)C(O1)(C)Cl;0.54599434;0.45400566
5973;#CCCO;C#CCCO;0.99881244;0.001187625
5974;C#CCCO;C#CCCO;0.99881244;0.001187625
5985;cc1(O;Fc1ccc(OC)cc1(O);0.27439904;0.72560096
5998;1OCC(O1;O=C1OCC(O1)C=C;0.5821619;0.41783816
6002;NOCC(;O=C(O)C=NOCC(=O)O;0.4472142;0.5527858
6049;2c1;O=C2c1c(O)ccc(F)c1CC2;0.9507585;0.04924153
6058;2(N;O(c1ccccc1)c2ccc(OC)cc2(N);0.009583647;0.9904164
6061;2(C1);O=C(OCC)C23(CCCC3(C1CCC2(C1)));0.0009330418;0.999067
6090;OCCOCCC;OCCOCCC;0.9997067;0.00029323273
6114;NCCOC;O=C=NCCOC(=O)C=C;0.69522935;0.30477062
6125;(c(F;Fc1ccc(c(F)c1)Br;0.7457333;0.25426668
6142;C=N;Oc2ccc(C=NC(c1ccccc1)C)cc2;0.27255002;0.72744995
6144;NNCC;NNCC;0.3649974;0.6350026
6145;CO;Fc1ccc(cc1)CNCCO;0.34033647;0.65966356
6159;=C(C=;O=C(C=C)NC;0.6326555;0.3673446
6190;1CC1(F;O=C(O)C1CC1(F);0.6135322;0.38646787
6209;CI;CI;0.99962723;0.00037273645
6214;(S)S;C(S)S;0.3906793;0.6093207
6215;C(S)S;C(S)S;0.3906793;0.6093207
6219;C=CCS;C=CCS;0.9911249;0.0088750785
6229;CC1);O=C1c2cc(F)ccc2(OCC1);0.9839078;0.016092204
6275;Cc1ccc;N#Cc1ccc(O)c(O)c1;0.9993369;0.00066312327
6301;C1CC1;NC1CC1;0.81425995;0.18574001
6302;NC1CC1;NC1CC1;0.81425995;0.18574001
6307;COC(;O=COC(CN(C=O)C(C)C)CCl;0.15835553;0.84164447
6311;=C(O)N;O=C(O)N;0.10328756;0.89671236
6362;1SC;O=C3Nc1ccccc1SC3(=Cc2ccc(OC)cc2);0.5691964;0.4308036
6389;C)c1(;Fc1cccc(OCC)c1(O);0.12514712;0.87485284
6414;1C)NN;Fc1cc(ccc1C)NN;0.26372257;0.73627746
6416;cn[n;n1ccn[nH]1;0.020003073;0.9799969
6476;1c3(;n2cc3ccc1oc(cc1c3([nH]2))CC;0.5333068;0.4666933
6512;(NC;N(=C(NCC)SCCCCCCCC)CC;0.0020030378;0.997997
6513;1CNC1;OC1CNC1;0.83030236;0.16969766
6537;=C(NCC;O=C(NCCCC)c1ccccc1SC;0.8081182;0.19188182
6543;CSS;O=C(O)CSS(=O)(=O)O;0.053636618;0.94636345
6568;NC=S;NC=S;0.1142948;0.88570523
6590;OCCCOC;OCCCOC;0.998865;0.0011349834
6593;C(OSC(F;O=C(OSC(F)F)C;0.04354512;0.95645493
6635;OCC(;OCC(O)CO;0.6547509;0.3452491
6639;NC1=CC;NC1=CC=CC=C1;0.18526457;0.8147354
6644;CC(=;CC(=O)C=O;0.012780901;0.9872191
6656;1C=CN=C1;N1C=CN=C1;0.35969013;0.6403099
6657;N1C=CN=C1;N1C=CN=C1;0.35969013;0.6403099
6663;=C1C=C;O=C1C=CC(=O)C=C1;0.6618822;0.33811778
6664;lCl;ClCl;0.00062761235;0.9993724
6665;ClCl;ClCl;0.00062761235;0.9993724
6678;OCOC;COCOC;0.99734676;0.0026531918
6679;COCOC;COCOC;0.99734676;0.0026531918
6680;1=CC=;CC1=CC=CC=C1C#N;0.48305357;0.5169464
6687;]=;CCOC(=O)CNC(=O)C=[N+]=N;0.34594724;0.65405273
6689;1=;CC1=CC=CS1;0.13060151;0.86939853
6696;CC=C;CC=C;0.97038245;0.02961755
6712;OC[;OC[C@H](O)CCl;0.07406748;0.9259325
6725;N(C=O;ON(C=O)C1=CC=CC=C1;0.24492143;0.75507855
6728;C1=CC;NC1=CC=CC(O)=C1;0.13217534;0.8678246
6730;COS;CCOS(=O)(=O)C1=CC=CC=C1;0.04213451;0.95786554
6731;CCOS;CCOS(=O)(=O)C1=CC=CC=C1;0.04213451;0.95786554
6732;CC(C)C;CCC(C)C;0.92728627;0.072713755
6733;CCC(C)C;CCC(C)C;0.92728627;0.072713755
6742;NC(=;NC(=O)OC1CO1;0.11079307;0.8892069
6748;H]1C;CCCCCCCCCC\C=C\[C@H]1CC(=O)OC1=O;0.968952;0.031047998
6752;C[N+;CC[N+](O)=NC;0.049974594;0.9500254
6753;lCCOCCCl;ClCCOCCCl;0.26306313;0.7369368
6754;ClCCOCCCl;ClCCOCCCl;0.26306313;0.7369368
6768;C=O;CC\C=C\C=O;0.3355595;0.6644405
6778;=CCN=C=;C=CCN=C=S;0.24719308;0.7528069
6779;C=CCN=C=;C=CCN=C=S;0.24719308;0.7528069
6780;=NC(C)(C;CN=NC(C)(C)OO;0.004021544;0.9959785
6783;CC1=;CN(CC1=CC=CC=C1)C(=O)CBr;0.8827438;0.1172562
6785;=C=;S=C=S;0.014568991;0.9854311
6786;S=C=;S=C=S;0.014568991;0.9854311
6796;NC1=;ONC1=CC=C(C=C1)N=O;0.42788735;0.5721126
6818;[C;O[C@H](C#N)C1=CC=CC=C1;0.7256849;0.27431518
6819;O[C;O[C@H](C#N)C1=CC=CC=C1;0.7256849;0.27431518
6820;1=C;CC1=C(O)C(=O)CC1;0.48398247;0.51601744
6841;CNC(=O);OCNC(=O)C=C;0.09242058;0.9075794
6857;C(=O)CS;OC(=O)CS;0.53168374;0.46831626
6858;OC(=O)CS;OC(=O)CS;0.53168374;0.46831626
6865;\C=C\[C;CC\C=C\[C@@H](CC)C=O;0.14684694;0.85315305
6875;lC;ClC(=O)C1=CC=CC=C1Cl;0.119371586;0.8806284
6877;ClC;ClC(=O)C1=CC=CC=C1Cl;0.119371586;0.8806284
6880;C[C;C[C@@H](Br)CBr;0.012596053;0.987404
6884;]1CO1;CCCCCCCCCC[C@H]1CO1;0.9900538;0.009946166
6909;C1=C;CC1=C(O)C(=O)C=CO1;0.10251931;0.89748067
6911;CC1=C;CC1=C(O)C(=O)C=CO1;0.10251931;0.89748067
6915;1COCCO1;C1COCCO1;0.96393955;0.03606045
6916;C1COCCO1;C1COCCO1;0.96393955;0.03606045
6917;CCCl)N;CC(=O)OCN(CCCl)N=O;0.1044574;0.89554256
6924;lCCBr;ClCCBr;0.01858303;0.981417
6925;ClCCBr;ClCCBr;0.01858303;0.981417
6927;COC(C)=O;CCOC(C)=O;0.31752396;0.68247604
6928;CCOC(C)=O;CCOC(C)=O;0.31752396;0.68247604
6933;CC#N;CCC#N;0.70025605;0.29974395
6934;CCC#N;CCC#N;0.70025605;0.29974395
6938;N/;CSC(C)(C)\C=N/O;0.029577196;0.97042274
6939;SC(;CSC(C)(C)\C=N/O;0.029577196;0.97042274
6940;lCC;ClCC(Br)=C;0.0031003025;0.9968997
6941;ClCC;ClCC(Br)=C;0.0031003025;0.9968997
6947;CCCCO;CCCCCO;0.9989272;0.0010727562
6948;CCCCCO;CCCCCO;0.9989272;0.0010727562
6949;]C([H];[H]C([H])([H])C#N;0.2226879;0.77731204
6959;CNC(=;CNC(=O)OC1=CC=CC=C1;0.103123434;0.8968765
6987;C/;OC(=O)\C=C/C(O)=O;0.440752;0.5592481
6989;lCCCBr;ClCCCBr;0.07738192;0.9226181
6990;ClCCCBr;ClCCCBr;0.07738192;0.9226181
6999;C(N)=N;NC(N)=N;0.0019830104;0.99801695
7000;NC(N)=N;NC(N)=N;0.0019830104;0.99801695
7009;C(=O;OC(=O)C(O)=O;0.03840992;0.96159005
7037;=C1N;CC(=O)C1=CC=CC=C1N(=O)=O;0.003746248;0.9962537
7040;CN=N;OCN=N;0.32556027;0.67443967
7048;(CC(;CC(O)CN(CCN(CC(C)O)CC(C)O)CC(C)O;0.053557437;0.94644254
7059;#N;OCC(O)CN=[N]#N;0.8530038;0.14699627
7061;CNC(=O;OCNC(=O)NCO;0.41288763;0.58711237
7063;CNCC;CCNCC;0.9675313;0.03246871
7064;CCNCC;CCNCC;0.9675313;0.03246871
7074;1CS1;C1CS1;0.8300713;0.16992871
7075;1OCC=C1;O=C1OCC=C1;0.94079393;0.05920608
7078;CCCC#N;CCCCC#N;0.9988445;0.0011554918
7079;CCCCC#N;CCCCC#N;0.9988445;0.0011554918
7083;1NO;CC1=CC=CC(C)=C1NO;0.067480825;0.9325192
7094;rCC#C;BrCC#C;0.997416;0.0025839526
7095;BrCC#C;BrCC#C;0.997416;0.0025839526
7123;=N/;CC(=O)C(\C)=N/O;0.017330196;0.98266983
7125;rCBr;BrCBr;0.38524368;0.6147563
7126;BrCBr;BrCBr;0.38524368;0.6147563
7131;C=NC=C1;ClC1=CC=NC=C1;0.26766443;0.73233557
7151;CC(C)=O;CCC(C)=O;0.23125446;0.76874554
7152;CCC(C)=O;CCC(C)=O;0.23125446;0.76874554
7155;#C\C;N#C\C=C/C#N;0.3102687;0.68973124
7156;N#C\C;N#C\C=C/C#N;0.3102687;0.68973124
7162;CCCOCCCC;CCCCOCCCC;0.99968207;0.00031791528
7163;CCCCOCCCC;CCCCOCCCC;0.99968207;0.00031791528
7177;C=N1;CC1=CC=CC=N1;0.043385465;0.9566145
7180;NCCCC;CNCCCC(O)=O;0.23598051;0.7640194
7193;NN(=O);CNN(=O)=O;3,29E+01;0.9999671
7194;CNN(=O);CNN(=O)=O;3,29E+01;0.9999671
7199;1=CC(N;CC1=CC(NO)=CC(C)=C1;0.015926452;0.9840735
7202;C1CCO1;O=C1CCO1;0.97232324;0.027676748
7203;NC(=O;NC(=O)C1=CC=CC=C1O;0.006071085;0.9939289
7213;1=CC=C;CC1=CC=C(O)C(C)=C1;0.04141276;0.95858717
7227;=CC=;C=CC=O;0.13475129;0.86524874
7256;CSN=O;OCCSN=O;0.032484688;0.9675153
7257;C\Cl;C\C=C\Cl;0.07590648;0.92409354
7266;N=O;CCN(CC)N=O;0.03303524;0.9669648
7303;1B;OC1=C(Br)C(Br)=C(Br)C(Br)=C1Br;0.3375686;0.6624314
7313;N(CC(;OC(=O)CN(CC(O)=O)CC(O)=O;0.027375879;0.9726241
7314;S(C;CS(C)=O;0.008839802;0.9911602
7315;CS(C;CS(C)=O;0.008839802;0.9911602
7316;OCCOC;COCCOC;0.9980867;0.0019133213
7317;COCCOC;COCCOC;0.9980867;0.0019133213
7326;H]1;CC[C@H]1CO1;0.79094595;0.20905405
7331;NC=O;CNC=O;0.049546894;0.9504531
7332;CNC=O;CNC=O;0.049546894;0.9504531
7349;/;ClCCOC\C(Cl)=C/Cl;0.016884364;0.9831156
7351;(CS;CC(C)(S)C(=O)NC(CS)C(O)=O;0.066728964;0.93327105
7352;N1C=CC=;N1C=CC=C1;0.45197353;0.54802644
7358;NNC1;CC(=O)NNC1=CC=C(CO)C=C1;0.097745;0.90225506
7394;N=N;OCCCN=N;0.1025567;0.8974433
7396;CC=O;CC=O;0.25372174;0.7462783
7397;OCC#C;OCC#C;0.99963677;0.0003632346
7407;1=C(Cl;CC1=C(Cl)C(=O)OC1O;0.011107206;0.98889273
7408;N[C@H;N[C@H](CS)C(O)=O;0.15746167;0.8425383
7422;(CSCCCl;NC(CSCCCl)C(O)=O;0.30322322;0.6967768
7423;COCC=O;CCOCC=O;0.9797381;0.020261865
7424;CCOCC=O;CCOCC=O;0.9797381;0.020261865
7431;COC1;OC1COC2C(COC12)ON(=O)=O;0.0106350165;0.989365
7438;C(CC(;NC(CC(O)=O)C(O)=O;0.005644938;0.9943551
7439;NC(CC(;NC(CC(O)=O)C(O)=O;0.005644938;0.9943551
7440;rCCCBr;BrCCCBr;0.7008129;0.29918712
7441;BrCCCBr;BrCCCBr;0.7008129;0.29918712
7445;1=CCC;CC1=CCC(=O)O1;0.11709207;0.8829079
7446;C(CO)C;NC(CO)C(O)=O;0.0066668373;0.99333316
7447;NC(CO)C;NC(CO)C(O)=O;0.0066668373;0.99333316
7450;1COCOC1;C1COCOC1;0.96431845;0.035681542
7451;C1COCOC1;C1COCOC1;0.96431845;0.035681542
7467;OC=O;COC=O;0.854932;0.14506806
7468;COC=O;COC=O;0.854932;0.14506806
7469;(=O);CCOC(=O)[C@H](C)O;0.15036087;0.8496392
7470;NC(=O)NCC;NC(=O)NCC=C;0.073079474;0.9269206
7471;lC(Cl;ClC(Cl)C1=CC=CC=C1;0.016456833;0.98354316
7473;N+]1;C[N+]1(C)CCOCC1;0.003578978;0.9964211
7475;OCC=O;OCC=O;0.9157481;0.08425188
7486;NCC(O);NCC(O)=O;0.0016306016;0.9983694
7491;C1(C;CC1(CO1)C(=O)NCC1=CC=CC=C1;0.0023663514;0.9976337
7492;CC1(C;CC1(CO1)C(=O)NCC1=CC=CC=C1;0.0023663514;0.9976337
7504;CCOO;CCCOO;0.96436965;0.035630357
7505;CCCOO;CCCOO;0.96436965;0.035630357
7514;P;ClCCN[P@]1(=O)OCCCN1CCCl;0.018051565;0.98194844
7520;CC[C;CC[C@H](O)CN;0.83839333;0.16160664
7524;CCN=N1;CCN1CCN=N1;0.14047348;0.8595266
7582;C(=O)CBr;OC(=O)CBr;0.05589921;0.94410074
7583;OC(=O)CBr;OC(=O)CBr;0.05589921;0.94410074
7585;OCCC#N;OCCC#N;0.94490963;0.055090353
7586;C(Cl);CN(C)C(Cl)=O;0.0013607467;0.9986393
7596;CCCBr;OCCCBr;0.86064494;0.13935502
7597;OCCCBr;OCCCBr;0.86064494;0.13935502
7607;NCP(O;OC(=O)CNCP(O)(O)=O;0.047011327;0.9529886
7630;CCCOCCO;CCCCOCCO;0.99654216;0.0034578422
7631;CCCCOCCO;CCCCOCCO;0.99654216;0.0034578422
7636;NC1=CC=;NC1=CC=C(O)C=C1;0.06847654;0.93152344
7650;1CCOC1;C1CCOC1;0.95743924;0.042560708
7651;C1CCOC1;C1CCOC1;0.95743924;0.042560708
7656;lC1=;ClC1=CC=CC=C1Cl;0.4946959;0.50530416
7657;ClC1=;ClC1=CC=CC=C1Cl;0.4946959;0.50530416
7661;OCCOCCO;OCCOCCO;0.99663794;0.0033620766
7669;CCCC(C)=O;CCCC(C)=O;0.5047007;0.49529928
7676;N1CCN=N1;CN1CCN=N1;0.46700138;0.5329987
7677;CCCN;COCCCN;0.8893677;0.110632285
7678;C(=C;CC(=C)[C@H]1CCC(C)=CC1;0.40324903;0.596751
7679;COC;C=COC(=O)C=C;0.21611042;0.7838896
7698;N(=;CN(C)N(=O)=O;4,14E+02;0.99995863
7701;=[N+](;CC(C)=[N+](O)O;0.0035509868;0.996449
7702;1C#N;ClC1=CC=CC(Cl)=C1C#N;0.85102624;0.14897373
7712;N=[N+;CCN=[N+](O)CC;4,23E+02;0.9999577
7717;COCOCC;CCOCOCC;0.99848026;0.0015197688
7718;CCOCOCC;CCOCOCC;0.99848026;0.0015197688
7743;C1=;OC1=CC=CC=C1;0.38688713;0.61311287
7750;N=C1;CCC1=CC=C(C)N=C1;0.009295729;0.99070424
7763;OCC#CCO;OCC#CCO;0.9982811;0.0017188846
7788;1COC1;C1COC1;0.94779164;0.052208394
7789;C1COC1;C1COC1;0.94779164;0.052208394
7810;lC#N;ClC#N;0.10466411;0.8953359
7820;C=C1N;BrC1=CC=CC=C1N(=O)=O;0.01677944;0.9832206
7844;NP(O;NP(O)(=O)N(CCCl)CCCl;0.00038881897;0.9996112
7849;lC1(C;ClC1(Cl)C(=O)C=CC1=O;0.0020085492;0.99799144
7850;ClC1(C;ClC1(Cl)C(=O)C=CC1=O;0.0020085492;0.99799144
7852;C=N/O;C\C=N/O;0.07886457;0.9211354
7923;2=;CC(=O)OCC1=CC=C2OCOC2=C1;0.052791554;0.94720846
7935;N=[N]#N;OCCN=[N]#N;0.27329713;0.7267029
7946;C=C/;C\C=C/C=C\C(O)=O;0.63239354;0.36760643
7958;OC1(;OC1(O)C(=O)C2=CC=CC=C2C1=O;0.042849038;0.957151
7961;CCCSSCC=C;CCCSSCC=C;0.9958989;0.0041010957
7966;SSC;CSSC;0.9975805;0.0024194922
7967;CSSC;CSSC;0.9975805;0.0024194922
7990;CCCCC=C;CCCCC=C;0.9985183;0.0014817718
8001;N=[N+](C;CCN=[N+](C)O;0.0016790376;0.998321
8007;C=C(N;COC1=CC=C(N)C(OC)=C1;0.022103239;0.9778968
8012;CN(CC)CC;CCN(CC)CC;0.21676195;0.78323805
8013;CCN(CC)CC;CCN(CC)CC;0.21676195;0.78323805
8014;=C=N;O=C=NC1CCCCC1;0.36587855;0.6341215
8017;NCN;NCN;0.019046506;0.98095345
8051;CNS;CCNS(=O)(=O)C1=CC=C(C)C=C1;0.0034391577;0.9965609
8052;CCNS;CCNS(=O)(=O)C1=CC=C(C)C=C1;0.0034391577;0.9965609
8057;NC1=C;CC(=O)NC1=CC=C(O)C=C1;0.22830367;0.7716964
8062;/CCl;OC(=O)C(\Cl)=C(/CCl)C=O;0.054556638;0.9454434
8071;CCCNCC;CCCCNCC;0.99801195;0.0019880258
8072;CCCCNCC;CCCCNCC;0.99801195;0.0019880258
8093;=C\C=C;O=C\C=C\C=O;0.44405624;0.5559437
8099;C\C;C\C=C\C;0.6880735;0.31192645
8100;\C;C\C=C\C;0.6880735;0.31192645
8106;=N(=;O=N(=O)C1=CC=CC=C1;0.018891742;0.98110825
8108;O=C=;O=C=S;0.53392875;0.46607125
8111;H]1CO1;C[C@H]1CO1;0.7122735;0.2877265
8113;(/Cl;OC(=O)C(\Cl)=C(/Cl)C=O;0.03174546;0.96825457
8129;N(=O);CN(=O)=O;3,80E+02;0.999962
8130;CN(=O);CN(=O)=O;3,80E+02;0.999962
8131;C(I)I;IC(I)I;0.99124044;0.008759574
8132;IC(I)I;IC(I)I;0.99124044;0.008759574
8133;lCBr;ClCBr;0.0011323101;0.99886775
8134;ClCBr;ClCBr;0.0011323101;0.99886775
8139;CCCCCCCO;CCCCCCCCO;0.99954337;0.00045658043
8140;CCCCCCCCO;CCCCCCCCO;0.99954337;0.00045658043
8141;N]#N;C[Si](C)(C)N=[N]#N;0.25379747;0.7462026
8161;(S;CC(S)=N;0.02335179;0.97664815
8169;NC(N)=O;NNC(N)=O;7,13E+01;0.9999287
8170;NNC(N)=O;NNC(N)=O;7,13E+01;0.9999287
8177;CC(F)(F;FCC(F)(F)F;0.015970929;0.9840291
8178;FCC(F)(F;FCC(F)(F)F;0.015970929;0.9840291
8184;CN=C=S;CCN=C=S;0.09642919;0.90357083
8185;CCN=C=S;CCN=C=S;0.09642919;0.90357083
8203;N(N)C=;CN(N)C=O;0.0003747045;0.9996253
8204;CN(N)C=;CN(N)C=O;0.0003747045;0.9996253
8210;COO;COO;0.840852;0.15914801
8216;C#N;C#N;0.032533012;0.96746695
8219;lC(C(C;ClC(C(Cl)=O)C1=CC=CC=C1;0.00027652518;0.9997235
8245;CCCCC;CCCCCC;0.9999132;8,67E+01
8271;COCCOCCO;COCCOCCO;0.9943974;0.0056025772
8300;H](N;CCSCC[C@H](N)C(O)=O;0.07319862;0.9268014
8308;COCCOCC;CCOCCOCC;0.99854976;0.0014501922
8309;CCOCCOCC;CCOCCOCC;0.99854976;0.0014501922
8330;](;C[C@@H](O)C(C)=O;0.23975018;0.76024985
8335;H]1CN1;C[C@H]1CN1;0.92423284;0.075767174
8371;NO;CC(=O)NO;0.014896977;0.985103
8384;l[C;Cl[C@@H](Br)C#N;0.002524693;0.9974753
8385;Cl[C;Cl[C@@H](Br)C#N;0.002524693;0.9974753
8399;NCC=C;NCC=C;0.5864545;0.41354552
8400;N(N=O;CN(N=O)C(C)=O;0.0011162536;0.9988838
8401;CN(N=O;CN(N=O)C(C)=O;0.0011162536;0.9988838
8409;P(C;CC(C)OP(C)(F)=O;0.020355461;0.97964454
8410;lCN;ClCN(=O)=O;5,98E+02;0.99994016
8411;ClCN;ClCN(=O)=O;5,98E+02;0.99994016
8421;rCCBr;BrCCBr;0.5863025;0.4136975
8422;BrCCBr;BrCCBr;0.5863025;0.4136975
8442;CNCC(O);CNCC(O)=O;0.006522048;0.99347794
8464;N(CCCC;CCN(CCCC(O)=O)N=O;0.025982188;0.97401786
8473;NC(C);CCCN=NC(C)(C)OO;0.002687574;0.9973124
8474;rC=C;BrC=C;0.9458858;0.05411419
8475;BrC=C;BrC=C;0.9458858;0.05411419
8492;OCCOCCOC;COCCOCCOC;0.99535096;0.004648967
8493;COCCOCCOC;COCCOCCOC;0.99535096;0.004648967
8494;SS1;OC(=O)CCCC[C@@H]1CCSS1;0.94102985;0.05897016
8505;C(C)CO;CC(C)CO;0.7454371;0.2545629
8516;C1CCCO1;CC1CCCO1;0.9719497;0.028050331
8517;CC1CCCO1;CC1CCCO1;0.9719497;0.028050331
8556;CCCCCl;CCCCCl;0.82574445;0.1742556
8558;NNCCO;NNCCO;0.07935303;0.9206469
8579;=S1(=;O=S1(=O)CC=CC1;0.009087158;0.9909128
8580;CCCCCCC=C;CCCCCCC=C;0.9994209;0.0005791918
8599;1COC;C1COCO1;0.8896449;0.110355094
8600;C1COC;C1COCO1;0.8896449;0.110355094
8602;CC(Br)Br;CC(Br)Br;0.01680289;0.9831971
8604;OCCCCO;OCCCCO;0.9985973;0.0014026365
8616;ICI;ICI;0.99993384;6,61E+01
8621;SCCC=O;CSCCC=O;0.9712822;0.028717836
8622;CSCCC=O;CSCCC=O;0.9712822;0.028717836
8626;#CC1;N#CC1=C(SCCS1)C#N;0.42867166;0.57132834
8628;N#CC1;N#CC1=C(SCCS1)C#N;0.42867166;0.57132834
8651;CC(=O;CC(=O)OON(=O)=O;0.0043784683;0.9956215
8656;C(C)Br;CC(C)Br;0.06709891;0.932901
8657;CC(C)Br;CC(C)Br;0.06709891;0.932901
8667;CCS;CCS;0.9992061;0.00079395046
8671;\;CC\C=C/C#N;0.88290596;0.117093995
8677;NC(=O)NO;CNC(=O)NO;0.014282176;0.9857179
8678;CNC(=O)NO;CNC(=O)NO;0.014282176;0.9857179
8679;CCS(O;NCCS(O)(=O)=O;0.0012427961;0.99875724
8680;NCCS(O;NCCS(O)(=O)=O;0.0012427961;0.99875724
8681;N(C)N;CN(C)N;0.007928214;0.9920718
8682;CN(C)N;CN(C)N;0.007928214;0.9920718
8685;]#N;OC(=O)CCN=[N]#N;0.338715;0.661285
8713;C(=N;NC(=N)NC#N;0.0234112;0.97658885
8714;NC(=N;NC(=N)NC#N;0.0234112;0.97658885
8749;1=CNC=N1;CC1=CNC=N1;0.073468015;0.9265319
8766;l[;Cl[C@@H]1CO1;0.06800829;0.93199176
8767;Cl[;Cl[C@@H]1CO1;0.06800829;0.93199176
8789;ClC(Cl;ClC(Cl)=C1OC(=O)C(Cl)=C1;0.0075477273;0.9924523
8797;OS(=;OS(=O)(=O)C1=CC=CC=C1;0.0049996385;0.9950003
8802;C(=C1;CC1=CC=CC(=C1)C(O)=O;0.024857467;0.97514254
8804;N(C[C;CCCCN(C[C@H](O)CCO)N=O;0.010192488;0.98980755
8807;1=NC=CN1;CC1=NC=CN1;0.036114607;0.9638854
8817;1O[C;C1O[C@H]1[C@H]1CO1;0.003191412;0.9968086
8818;C1O[C;C1O[C@H]1[C@H]1CO1;0.003191412;0.9968086
8822;OCC#N;OCC#N;0.7331159;0.2668841
8824;OC(=O;OC(=O)[C@@H]1CSCN1;0.0176309;0.9823691
8837;OCCO;OCCO;0.99334925;0.0066507137
8846;COCC;CCOCC;0.9993812;0.0006187939
8847;CCOCC;CCOCC;0.9993812;0.0006187939
8871;N=NO;CCN=NO;0.0027586664;0.9972414
8875;rC(Br)Br;BrC(Br)Br;0.014925427;0.9850745
8876;BrC(Br)Br;BrC(Br)Br;0.014925427;0.9850745
8888;CN(C[;CCCCN(C[C@H](O)CC)N=O;0.009974497;0.9900255
8889;C\C=;O=C\C=C\C=C\C=O;0.49750713;0.5024928
8902;CON;CON;0.09383492;0.9061651
8911;C(F)=C;FC(F)=C;0.025984764;0.97401524
8912;FC(F)=C;FC(F)=C;0.025984764;0.97401524
8913;NNC1=C;CC(=O)NNC1=CC=CC=C1;0.17149809;0.8285019
8914;1=C(;CCC1=C(C(=O)OC)C(=O)OC1C;0.18158293;0.8184171
8927;N=C\C=N\O;O\N=C\C=N\O;0.30137596;0.698624
8929;CCOCCOCCO;CCOCCOCCO;0.9919159;0.008084076
8940;NCCN1;S=C1NCCN1;0.4644831;0.53551686
8960;OC(;OC(O)=O;0.02227883;0.97772115
8965;1=NC=;NC1=NC=CS1;0.28975198;0.710248
8980;NCCS(;CNCCS(O)(=O)=O;0.0032299277;0.99677014
8984;]1C;CCCCCCOC[C@H]1CO1;0.984126;0.01587403
8992;N1C=;CN1C=CC=C1;0.4254547;0.5745453
8995;C1=CC=;NC1=CC=CC=C1S;0.86712974;0.13287026
9001;S(Cl;CC(C)S(Cl)(=O)=O;0.0002759029;0.9997241
9005;1CO1;CCCCCCCCCCCC[C@H]1CO1;0.9919733;0.008026704
9032;=NC(C)(;CCN=NC(C)(C)OO;0.004348918;0.99565107
9048;C(C)S;CC(C)S;0.82808536;0.17191467
9049;CC(C)S;CC(C)S;0.82808536;0.17191467
9063;CCOC;CCOCC(O)=O;0.46984783;0.5301522
9082;\C=C/;C\C=C/C=C;0.87164587;0.12835413
9087;rCC=C;BrCC=C;0.9778088;0.022191253
9088;BrCC=C;BrCC=C;0.9778088;0.022191253
9091;#[O+];C#[O+];0.64885664;0.35114333
9092;C#[O+];C#[O+];0.64885664;0.35114333
9101;OC=C;COC=C;0.9873585;0.012641508
9102;COC=C;COC=C;0.9873585;0.012641508
9110;OCCI;OCCI;0.9999033;9,67E+01
9116;C(N)=S;NC(N)=S(=O)=O;4,61E+01;0.99995387
9117;NC(N)=S;NC(N)=S(=O)=O;4,61E+01;0.99995387
9146;2=C1;COC1=CC(OC)=C2C3C=COC3OC2=C1;0.09078277;0.90921724
9149;NN=NC;CNN=NC;0.031355653;0.9686443
9150;CNN=NC;CNN=NC;0.031355653;0.9686443
9157;CC(F)(;CC(F)(F)F;0.0019973419;0.9980027
9162;]C(;[H]C([H])([H])Br;0.47316143;0.52683854
9165;CCC=O;CCCC=O;0.97413313;0.025866922
9166;CCCC=O;CCCC=O;0.97413313;0.025866922
9172;NP(;OCCCNP(O)(=O)N(CCCl)CCCl;0.015097998;0.98490196
9175;1=O;CC(C)C1=CC(=O)C(C)=CC1=O;0.2686412;0.7313588
9189;COP(=O)OC;COP(=O)OC;0.7397133;0.26028663
9192;CCCCBr;CCCCBr;0.8529637;0.14703631
9199;CC[;CC[C@@H](C)C1=CC=CC=C1O;0.22642858;0.7735714
9200;#CCCC#N;N#CCCC#N;0.9943921;0.005607973
9201;N#CCCC#N;N#CCCC#N;0.9943921;0.005607973
9218;CCNCCO;OCCNCCO;0.9506372;0.04936276
9219;OCCNCCO;OCCNCCO;0.9506372;0.04936276
9222;CCCOCC=O;CCCCOCC=O;0.9960387;0.0039612954
9223;CCCCOCC=O;CCCCOCC=O;0.9960387;0.0039612954
9231;OS(F;COS(F)(=O)=O;0.00092961354;0.99907047
9232;COS(F;COS(F)(=O)=O;0.00092961354;0.99907047
9235;CCCCN;CCCCCN;0.9801231;0.019876948
9236;CCCCCN;CCCCCN;0.9801231;0.019876948
9237;=C1/;CC\C=C1/OC(=O)C2=CC=CC=C12;0.54025054;0.45974952
9271;CCCCCCC=O;CCCCCCC=O;0.998393;0.0016069739
9338;C(C)CCO;CC(C)CCO;0.8886819;0.11131809
9339;CC(C)CCO;CC(C)CCO;0.8886819;0.11131809
9340;C(/Cl;C\C=C(/Cl)C=O;0.042906735;0.9570933
9342;CNCCN;NCCNCCN;0.735082;0.264918
9389;CCCNCCCC;CCCCNCCCC;0.99855894;0.0014410279
9390;CCCCNCCCC;CCCCNCCCC;0.99855894;0.0014410279
9401;N(CC(C;CN(CC(C)=O)N=O;0.0035820992;0.9964179
9418;CN=NO;CN=NO;0.0020676511;0.9979323
9419;CCCCCCN;NCCCCCCN;0.9954749;0.0045251506
9420;NCCCCCCN;NCCCCCCN;0.9954749;0.0045251506
9421;C(=S;NC(=S)NCC=C;0.12960003;0.8703999
9484;rCCCCBr;BrCCCCBr;0.7587102;0.24128981
9485;BrCCCCBr;BrCCCCBr;0.7587102;0.24128981
9494;CBr;CCBr;0.59578013;0.40421993
9502;N=C=O;CN=C=O;0.0037165778;0.9962835
9503;CN=C=O;CN=C=O;0.0037165778;0.9962835
9504;C(=O)CI;OC(=O)CI;0.83883816;0.1611618
9505;OC(=O)CI;OC(=O)CI;0.83883816;0.1611618
9512;1CN1;C1CN1;0.43688512;0.5631148
9536;OCCS;OCCS;0.99968946;0.00031050984
9540;COCCO;CCOCCO;0.99452716;0.0054728054
9541;CCOCCO;CCOCCO;0.99452716;0.0054728054
9580;CS(;CS(O)(=O)=O;0.00041936836;0.9995807
9581;[Cl+;O[Cl+3](O)(O)O;0.020316679;0.97968334
9583;C)N;CC1(C)CC(O)CC(C)(C)N1O;0.018862136;0.9811379
9587;H](C;CC[C@@H](C)N;0.78998137;0.21001862
9637;CCNCCC;CCCNCCC;0.99659026;0.0034098108
9638;CCCNCCC;CCCNCCC;0.99659026;0.0034098108
9644;NNC;CNNC;0.040842317;0.9591577
9645;N1CC2;C1CN2CCN1CC2;0.07376778;0.9262322
9647;(O;C[C@@H](O)CO;0.10791662;0.8920834
9654;OCC=C;OCC=C;0.9938812;0.006118729
9655;rCCCCCBr;BrCCCCCBr;0.79481924;0.20518072
9656;BrCCCCCBr;BrCCCCCBr;0.79481924;0.20518072
9662;1=NNC=N1;NC1=NNC=N1;0.109397836;0.8906021
9687;C)=N/O;CC\C(C)=N/O;0.07752905;0.922471
9689;CCCCOO;CCCCOO;0.98473895;0.015261064
9712;CCCCCCCC;CCCCCCCCC;0.9998939;0.00010610349
9713;CCCCCCCCC;CCCCCCCCC;0.9998939;0.00010610349
9733;NCCS;NCCS;0.98029685;0.019703202
9758;H];CCOC[C@H]1CO1;0.85841006;0.14158995
9790;OCCBr;OCCBr;0.78882885;0.21117117
9794;OCCCCl;OCCCCl;0.36740705;0.63259286
9855;CNCCO;NCCNCCO;0.5678305;0.4321695
9887;N)=C1;COC1=CC=CC(N)=C1;0.12311882;0.8768811
9910;C(=N)S(;NC(=N)S(O)=O;0.0001622949;0.99983764
9911;NC(=N)S(;NC(=N)S(O)=O;0.0001622949;0.99983764
9945;1CSCCO1;C1CSCCO1;0.9667372;0.033262815
9946;C1CSCCO1;C1CSCCO1;0.9667372;0.033262815
9964;CCCCC=O;CCCCC=O;0.99232507;0.007674912
9991;OC(C)CCO;COC(C)CCO;0.8798562;0.120143786
9992;COC(C)CCO;COC(C)CCO;0.8798562;0.120143786
10000;NCNC(=O;C=CC(=O)NCNC(=O)C=C;0.005634504;0.9943656
10001;NN=NCC;CCNN=NCC;0.13758631;0.86241364
10009;2Cl;Clc1nc(Cl)nc(Nc2ccccc2Cl)n1;0.71008855;0.28991142
10010;.[;[H+].[Cl-].COc1ccc(N)cc1;0.51358384;0.48641622
10013;++;O.O.[Cl-].[Cl-].[Ba++];0.97414625;0.025853718
10014;Na;O=C(O)c1ccccc1.[Na+];0.729743;0.27025703
10018;Br;CBr;0.38843596;0.61156404
10020;CNC(N;CCCCNC(N)=O;0.0040697376;0.99593025
10036;Ca;[Ca++].NC#N;0.11002772;0.88997227
10045;13;O1c2ccccc2Oc3ccccc13;0.82326376;0.17673631
10063;.[Na+];[F-].[Na+];0.17988922;0.8201108
10080;[Cl;[H+].[Cl-].CNCC(O)c1cccc(O)c1;0.5572997;0.44270036
10088;Na+;O[Cl+]O.[Na+];0.62727934;0.3727207
10090;.;O[Cl+]O.[Na+];0.62727934;0.3727207
10093;l.[Na+];OCl.[Na+];0.2148596;0.7851404
10095;=[S]1;O=[S]1(=O)CC=CC1;0.038480174;0.9615199
10144;.[C;[H+].[Cl-].Nc1ccccc1;0.27035475;0.7296453
10169;c13;Cc1c2ccccc2c(CBr)c3ccc4ccccc4c13;0.9898818;0.010118198
10179;+2];O=[Cr](=O)(O)O.[Ca+2];0.3493252;0.65067476
10180;=[;O=[Cr](=O)(O)O.[Ca+2];0.3493252;0.65067476
10209;-][N+;[O-][N+](=O)c1ccccc1Cl;0.07448505;0.92551494
10230;C/C=C/C=O;C/C=C/C=O;0.97129065;0.028709365
10231;ON(N;N.ON(N=O)c1ccccc1;0.0725535;0.9274465
10252;2O1;O=C1CCc2ccccc2O1;0.45865145;0.5413485
10267;[P+;CO[P+](=O)OC;0.46946394;0.53053606
10281;c1C(N;CCOc1ccccc1C(N)=O;0.009116647;0.9908833
10283;[S;CCO[S](C)(=O)=O;0.042118296;0.95788175
10287;Ga]#[A;[Ga]#[As];0.021483112;0.9785169
10288;[Ga]#[A;[Ga]#[As];0.021483112;0.9785169
10289;CC1CO1;O=CC1CO1;0.9153678;0.08463221
10296;NN.O[S];NN.O[S](O)(=O)=O;0.0008536714;0.99914634
10301;OO;OO;0.8221137;0.17788632
10313;NNC(=;NNC(=O)c1ccncc1;0.0125603825;0.98743963
10318;C(=C);CC(=C)[C@@H]1CCC(=CC1)C;0.04042853;0.9595714
10320;[Na;[Na+].O=C[CH-]C=O;0.0068399995;0.99316
10345;CNN;CNN;0.011465159;0.98853487
10352;=[Mo;O=[Mo](=O)=O;0.020695683;0.9793043
10364;1[N+];COc1ccccc1[N+]([O-])=O;0.0021752042;0.9978248
10365;N+]([;C[N+]([O-])=O;0.00041393377;0.99958605
10370;N(CC(O;CC(O)CN(CC(O)CO)N=O;0.09031703;0.909683
10371;N(C)N=O;CN(C)N=O;0.004621058;0.995379
10372;CN(C)N=O;CN(C)N=O;0.004621058;0.995379
10375;1CCN;OC1CCN(C1)N=O;0.97225666;0.027743336
10380;NN1CCCC1;O=NN1CCCC1;0.90158224;0.098417774
10396;[Na+;Oc1ccccc1-c1ccccc1.[Na+];0.016996995;0.9830031
10399;NCNC1;CCC1(C(=O)NCNC1=O)c2ccccc2;0.043214433;0.95678556
10411;S=[;S=[Se];0.05388279;0.94611716
10419;CC(N)=S;CC(N)=S;0.010427781;0.9895723
10429;1[S];Cc1ccccc1[S](N)(=O)=O;4,29E+02;0.9999571
10460;l-;Cc1cc(C)c(N)cc1C.[Cl-];0.87279415;0.12720588
10464;=[V](=;O=[V](=O)O[V](=O)=O;0.019165197;0.9808348
10466;lC=C;ClC=C;0.22996087;0.7700391
10467;ClC=C;ClC=C;0.22996087;0.7700391
10476;N+];Cc1cccc(c1C)[N+]([O-])=O;1,19E+02;0.9999881
10487;(Cl);CCNc1nc(N)nc(Cl)n1;0.017517846;0.9824822
10493;P](=S;CCO[P](=S)(CC)Sc1ccccc1;0.08073646;0.91926354
10507;23;C1c2cccc3ccc4cccc1c4c23;0.3997676;0.6002324
10528;13;O=C1c2ccccc2c3ccccc13;0.9858429;0.014157104
10533;2N;Nc1ccccc1SCCSc2ccccc2N;0.7434205;0.25657958
10536;ONC(;ONC(=O)c1ccccc1O;0.36944848;0.6305515
10545;cc[n;C[n+]1ccc(cc1)c2cc[n+](C)cc2;0.025519803;0.97448015
10548;(C);CC1CC(C)(C)c2cc(C(C)=O)c(C)cc2C1(C)C;0.026555615;0.97344434
10639;COC(=;COC(=O)\C(=C\c1occc1)C#N;0.012849466;0.98715055
10659;c23;C1c2cccc3ccc4c5ccccc5cc1c4c23;0.5389172;0.46108288
10660;C3(;CC(=O)Oc1ccc2c(OC3(C)OOC23C)c1;0.09373214;0.9062678
10692;1N=;Oc1ccc2ccccc2c1N=O;0.028753811;0.97124624
10738;CCCC=C;CCCC=C;0.99697065;0.003029377
10751;N(N=;CN(N=O)c1ccccc1;0.019409653;0.98059034
10752;CN(N=;CN(N=O)c1ccccc1;0.019409653;0.98059034
10786;C(C)(C;CC(C)(C)OOC(=O)c1ccccc1;0.03339673;0.96660334
10800;1c(;Cc1c(O)cc2C(=O)c3ccccc3C(=O)c2c1O;0.24937393;0.7506261
10802;Nc1ccc;ONc1ccc(Sc2ccccc2)cc1;0.9982141;0.0017858511
10889;N1C2C1c;N1C2C1c3ccccc3c4ccccc24;0.9956369;0.004363186
10940;1C2C;O1C2C=Cc3ncccc3C12;0.5218957;0.4781043
10987;C[S];C[S](O)(=O)=O;0.002721802;0.9972783
10991;(C)N1;CC1(C)CC(O)CC(C)(C)N1[O];0.0022465095;0.99775344
11090;c2n1;Cc1ccc2ccccc2n1;0.01533009;0.9846699
11093;C(/;C\C=C(/C)C#N;0.67194223;0.3280578
11108;1N=O;CCc1cccc(CC)c1N=O;0.022019064;0.9779809
11117;OC1C;OC1CC=Cc2cccnc12;0.89306986;0.10693015
11166;SCCO1;CC1=C(SCCO1)C(=O)Nc2ccccc2;0.03310203;0.966898
11311;\C(Cl;C\C(Cl)=C\C=O;0.01729079;0.98270917
11368;O[S];CO[S](F)(=O)=O;0.009403285;0.9905968
11369;CO[S];CO[S](F)(=O)=O;0.009403285;0.9905968
11403;1C2C1;O1C2C1c3cscc3c4cscc24;0.998035;0.0019649419
11462;N+](C;[Cl-].C[N+](C)(C)Cc1ccccc1;0.07914778;0.9208522
11464;3N;COc1cccc2c1cc3NC(=O)c4cc5OCOc5c2c34;0.23925239;0.7607476
11494;=C(N)S(;N=C(N)S(=O)O;7,61E+01;0.99992394
11495;N=C(N)S(;N=C(N)S(=O)O;7,61E+01;0.99992394
11505;CNc1;CNc1nc2c(ccc3ncccc23)n1C;0.99874854;0.0012513829
11519;Cl-;Cc1cc(C)c(N)c(C)c1.[Cl-];0.23115279;0.7688473
11612;O=C1C;O=C1C=Cc2ccc3c4ccccc4ccc3c2C1=O;0.9757868;0.024213139
11635;[H+;[H+].[Cl-].ClCCN(CCCl)CCCl;0.081922814;0.9180772
11663;nc13;Fc1cc2cccnc2c3cccnc13;0.78838587;0.21161407
11696;N[C;N[C@@H](CCCCN\C=C\C=O)C(O)=O;0.07286751;0.92713255
11705;lCN1C;ClCN1C(=O)c2ccccc2C1=O;0.006269454;0.99373055
11706;ClCN1C;ClCN1C(=O)c2ccccc2C1=O;0.006269454;0.99373055
11707;6;C1Cc2cc3cccc4ccc5cc6cccc1c6c2c5c34;0.9021814;0.09781862
11718;CNC(;CNC(=O)Oc1ccccc1OC(C)C;0.038860485;0.96113944
11727;1sccn1;Nc1sccn1;0.9809653;0.019034652
11737;NCC[S];CNCC[S](O)(=O)=O;0.010633451;0.9893665
11742;N\C=C\N=O;ON\C=C\N=O;0.3427078;0.65729225
11784;1NC(C;COc1cc(N)ccc1NC(C)=O;0.22611415;0.7738859
11826;2c1;Cc1ccc2cc3ccccc3cc2c1;0.54903793;0.45096204
11831;1C(Cl;Cc1ccccc1C(Cl)=O;0.00071494246;0.99928504
11874;C12OO;CC12OOC1(CO)Oc3ccccc23;0.0054176343;0.99458236
11875;CC12OO;CC12OOC1(CO)Oc3ccccc23;0.0054176343;0.99458236
11879;CN(CC;CCN(CC)C(=O)Cc1ccccc1;0.045750204;0.95424986
11888;NN1C(;NN1C(=O)c2ccccc2C1=O;0.0030396366;0.99696034
11932;[S];O[S](=O)(=O)c1ccccc1;0.025221983;0.974778
11944;lC1;ClC1CO1;0.17632517;0.82367486
11959;1NC(C);CCc1cccc(CC)c1NC(C)=O;0.0035627342;0.9964373
12019;NC(N);NC(N)=NC#N;0.018126877;0.98187315
12043;CC[S](;NCC[S](O)(=O)=O;0.0058517465;0.99414825
12044;NCC[S](;NCC[S](O)(=O)=O;0.0058517465;0.99414825
12088;CC(Cl;CC(Cl)=C=O;0.004041072;0.99595886
12096;c2n;Cc1cc(C)c2cc(C)c(N)cc2n1;0.78276414;0.21723588
12110;25;Fc1ccc2c3cc4ccccc4cc3c5cccc1c25;0.88684213;0.11315786
12132;CNC;CC(=O)OCNC(=O)c1ccc(Cl)cc1;0.6532326;0.34676746
12168;3(;COc1cccc2OC3(C)OOC3(C)c12;0.20265377;0.79734623
12181;56;c1ccc2c(c1)cc3c4ccccc4c5cccc6ccc2c3c56;0.9368708;0.06312917
12211;=C/;O=C/C=C/c1occc1;0.75454885;0.24545115
12250;C@;N[C@@H](CS)C(=O)OC(=O)NCCCl;0.23251364;0.76748633
12273;[N+;[O-][N+](=O)CCl;0.00096225744;0.99903774
12295;(CN;COc1ccc(CN(C)N=O)cc1;0.011312804;0.98868716
12376;c1[N+];OCCc1ccccc1[N+]([O-])=O;0.0045495266;0.99545044
12388;-][;[O-][n+]1cccc2ccccc12;0.8875893;0.1124107
12412;2n;S(Sc1sc2ccccc2n1)c3sc4ccccc4n3;0.94753385;0.052466128
12449;N[C@;N[C@@H](Cc1ccc(O)cc1)C(O)=O;0.07765156;0.92234844
12459;5c1;CCc1c2ccccc2cc3c4ccccc4c5Nc5c13;0.96643186;0.0335682
12465;3n;Cc1ccccc1c2oc3ccccc3n2;0.07885476;0.9211452
12619;cc1N;Nc1ccccc1N;0.9859337;0.0140662985
12621;nc23;c1cnc2c(c1)ccc3cccnc23;0.98173034;0.018269675
12639;NN=N;Cc1ccc(NN=NCc2ccccc2)cc1;0.0050811893;0.99491876
12648;N(C=;ON(C=O)c1ccc2ccccc2c1;0.8312075;0.16879249
12664;C(CS;CC(=O)NC(CS)C(O)=O;0.04380769;0.9561923
12722;c1F;Nc1ccc(F)cc1F;0.97092414;0.029075796
12852;C/C;C/C(C=O)=C/c1ccccc1;0.86559236;0.13440765
12853;2n1;Cc1[nH]c2cc(C)c3ccc4ccc(O)cc4c3c2n1;0.98124206;0.018757964
12876;35;C1c2ccccc2Cc3c1c4ccccc4c5ccccc35;0.8033562;0.19664387
12890;[P](O;N[P](O)(=O)N(CCCl)CCCl;0.0022835636;0.9977164
12891;N[P](O;N[P](O)(=O)N(CCCl)CCCl;0.0022835636;0.9977164
12895;[S](;C[S](C)(=O)=O;0.0046380716;0.995362
12896;C[S](;C[S](C)(=O)=O;0.0046380716;0.995362
12931;1NC(;CCc1cccc(CC)c1NC(=O)CO;0.00545922;0.99454075
12956;c1[;Cc1[nH]c2cc(Cl)ccc2n1;0.96692944;0.033070575
12980;N-][N+;CC[N-][N+](=O)CC;0.00030152255;0.9996985
13080;N(C(;ON(C(=O)c1ccccc1)c2ccc3c(Cc4ccccc34)c2;0.97656703;0.023432976
13102;O-][N;[O-][N+](=O)c1cccc(C=O)c1;0.002379176;0.99762076
13103;[O-][N;[O-][N+](=O)c1cccc(C=O)c1;0.002379176;0.99762076
13120;NC[P;OC(=O)CNC[P](O)(O)=O;0.17766279;0.82233727
13178;nc12;Oc1c(I)cc(Cl)c2cccnc12;0.86976874;0.13023122
13180;cc(F)n;Fc1cccc(F)n1;0.7167991;0.28320095
13201;ccccn1;Nc1ccccn1;0.99090415;0.009095866
13220;C1(CO1;CC1(CO1)C(=O)NCc2ccccc2;0.006551575;0.99344844
13221;CC1(CO1;CC1(CO1)C(=O)NCc2ccccc2;0.006551575;0.99344844
13236;N#C[;N#C[Se]Cc1ccccc1;0.34345567;0.6565443
13239;CCC(=;CCC(=O)N(O)c1ccc2ccccc2c1;0.49738312;0.5026169
13299;C(/C;BrC(/C=O)=C/c1ccccc1;0.34297532;0.6570246
13362;C[S;C[S](C)=O;0.04152922;0.95847076
13366;[P;CO[P](O)(O)=O;0.18162106;0.8183789
13398;OC(=;OC(=O)CCCc1ccc(NCCCl)cc1;0.04962811;0.9503719
13422;C/Cl;C\C=C/Cl;0.49721414;0.50278586
13471;O=C/;O=C/C=C/c1ccccc1;0.72913414;0.2708659
13474;OC\C;OC\C=C/c1ccccc1;0.9132661;0.08673388
13478;1F;Fc1ccc2ncccc2c1F;0.25543612;0.7445639
13494;S=C=N;S=C=Nc1cccc2ccccc12;0.17436989;0.8256302
13554;26;O1c2c1c3nc4ccc5ccccc5c4cc3c6ccccc26;0.8702242;0.12977576
13593;Se;[Se]([Se]c1ccccc1)c2ccccc2;0.2912892;0.70871073
13594;[Se;[Se]([Se]c1ccccc1)c2ccccc2;0.2912892;0.70871073
13600;+]=[;OCC(O)CN=[N+]=[N-];0.33583897;0.6641611
13624;2CN1;C1Cc2ccccc2CN1;0.027277453;0.9727226
13657;)n;Cc1cc(C)nc(SC(=O)OC(C)(C)C)n1;0.050649863;0.9493502
13743;3CN;Clc1ccc2n3cnnc3CN=C(c4ccccc4)c2c1;0.8953502;0.1046498
13775;-][N+];[O-][N+](=O)c1ccc(CCl)cc1;0.12219466;0.87780535
13809;CO[;CCO[S](=O)(=O)c1ccc(C)cc1;0.096071735;0.9039283
13810;CCO[;CCO[S](=O)(=O)c1ccc(C)cc1;0.096071735;0.9039283
13955;CC/;CC/C=C/C=O;0.9873301;0.012669918
13974;c1cccc;CN(Cc1ccccc1)C(=O)CBr;0.99968386;0.0003161863
13999;N1N=;CC1CCCCN1N=O;0.10233432;0.89766574
14078;]=[N;CCOC(=O)CNC(=O)C=[N+]=[N-];0.022576783;0.97742325
14168;NO[S](;NO[S](O)(=O)=O;0.00161652;0.9983835
14176;[P](;O[P](O)(O)=O;0.070256025;0.929744
14180;-][N+]=O;[O-][N+]=O;0.07549655;0.92450345
14186;C/C=C/C=C;C/C=C/C=C;0.99165195;0.008348086
14191;](C;CC[C@@H](C)O[S](C)(=O)=O;0.19475129;0.80524874
14197;C(CCC(;NC(CCC(=O)O)C(=O)O.[Na+];0.0093469145;0.99065316
14198;NC(CCC(;NC(CCC(=O)O)C(=O)O.[Na+];0.0093469145;0.99065316
14224;C1CO1;FCC1CO1;0.8391895;0.1608105
14237;CC(O)CO;CC(O)CO;0.26032785;0.7396722
14267;CC(O)CI;OCC(O)CI;0.93946093;0.060539056
14268;OCC(O)CI;OCC(O)CI;0.93946093;0.060539056
14276;CC(O)CBr;CC(O)CBr;0.06615876;0.9338412
14279;B(;OB(O)O;0.0035643613;0.99643564
14280;OB(;OB(O)O;0.0035643613;0.99643564
14293;BB;BB;0.2728917;0.7271083
14319;i]=O;O=[Si]=O;0.47547844;0.5245215
14327;[N+](;CC[N+]([O-])=O;0.000681576;0.9993185